item,qty,spec,supplier,unit_cost_usd,make_buy,notes
1 Turgo runner,1,"200 mm OD, about 150 mm pitch diameter, 20 buckets, printed in PETG (prototype) or glass-filled nylon, about 0.5 kg",Printed locally (filament from any 3D printing supplier),15.00,make,Indicative filament and print cost; material proposed awaiting Amish
2 Shaft and hub,1,"20 mm 316 stainless shaft about 350 mm long, keyed hub and clamp nut",Metal stockist or local machinist,22.00,buy,Indicative price
3 Sealed bearings and bearing housing with motor mount,1,"Two 6204-2RS sealed ball bearings, lip seal, printed or aluminium bearing housing, four posts and a generator plate",Bearing distributor; local workshop,30.00,buy,Indicative price; bearings sit above the spray
4 Jaw coupling,1,"L-075 class jaw coupling with elastomer spider, bores to suit shaft and generator",Power transmission supplier,10.00,buy,Indicative price; needs a guard
5 Generator,1,"Low-speed three-phase BLDC motor used as a generator, about 500 W rated, about 10 rpm/V, with output shaft",Motor distributor,110.00,buy,Indicative price for a new unit; a salvaged direct-drive washing machine motor is about $30 to $50 (option proposed awaiting Amish)
6 Housing and lid,1,"315 mm PVC sewer pipe section 300 mm long, open bottom; 400 x 400 x 12 mm HDPE or marine plywood lid",Plumbing supplier; timber or plastics supplier,35.00,buy,Indicative price
7 Nozzle manifold and two nozzles,1,"110 x 63 mm tee, 63 mm PVC branches and elbows, two printed nozzles with swappable inserts 20 to 45 mm bore",Plumbing supplier; printed locally,30.00,buy,Indicative price
8 Inlet valve,1,"90 mm (3 in) PVC ball or butterfly valve, slow closing",Plumbing supplier,30.00,buy,Indicative price
9 Penstock,20,"110 mm PVC pipe (drainage grade if approved) with couplings and a support every 2 to 3 m",Plumbing supplier,5.00,buy,Indicative price per meter (about $100 for 20 m); site-dependent and excluded from kit cost
10 Forebay and intake screen,1,"Plastic tub or small masonry box with overflow lip, 6 mm stainless mesh screen, pipe outlet fitting",Hardware shop,20.00,buy,Indicative price
11 Turbine frame,1,"Galvanized 40 mm steel angle or treated timber, about 420 x 420 mm, bolted to a pad over the tailrace",Local fabricator or hardware shop,20.00,make,Indicative material cost; height to be lowered at TRL 3
12 Equipment post,1,"Treated timber post about 1.4 m with base plate, carries rectifier, controller and dump load",Hardware shop,15.00,make,Indicative material cost
13 Three-phase rectifier,1,"Three-phase bridge 35 A 1000 V on an aluminium heat sink in a vented box",Electronics distributor,12.00,buy,Indicative price
14 MPPT and dump-load controller,1,"Microcontroller, synchronous buck converter to 12 V, MOSFET dump-load switch, independent hardware voltage clamp, IP65 box",Electronics distributor,40.00,buy,Indicative parts cost; open design versus off-the-shelf proposed awaiting Amish
15 Dump-load resistor,1,"300 W 12 V heating element or wire-wound resistor in a vented metal guard, or immersed in a water tank with thermal cut-out",Electronics or heating supplier,15.00,buy,Indicative price; runs hot
16 Wiring fuse and isolator,1,"4 mm2 cable, 20 A fuse at the battery, DC isolator rated 100 V, cable glands and lugs",Electrical supplier,20.00,buy,Indicative price
17 Battery,1,"12 V about 50 Ah LiFePO4 with BMS, or an existing 12 V lead-acid battery",Solar or battery supplier,160.00,buy,Household item; excluded from kit cost
